<?xml version="1.0" encoding="UTF-8"?>
<project-private xmlns="http://www.netbeans.org/ns/project-private/1">
    <editor-bookmarks xmlns="http://www.netbeans.org/ns/editor-bookmarks/2" lastBookmarkId="0"/>
    <open-files xmlns="http://www.netbeans.org/ns/projectui-open-files/2">
        <group>
            <file>file:/D:/Arya%20Raditya%20Arifiandhi/ManajemenTugasCLI/src/Task.java</file>
            <file>file:/D:/Arya%20Raditya%20Arifiandhi/ManajemenTugasCLI/src/manajementugascli/ManajemenTugasCLI.java</file>
            <file>file:/D:/Arya%20Raditya%20Arifiandhi/ManajemenTugasCLI/src/TaskList.java</file>
            <file>file:/D:/Arya%20Raditya%20Arifiandhi/ManajemenTugasCLI/src/Main.java</file>
            <file>file:/D:/Arya%20Raditya%20Arifiandhi/ManajemenTugasCLI/src/CLI.java</file>
        </group>
    </open-files>
</project-private>
